{
  "baseline": {
    "accuracy": 0.47655677655677653,
    "macro_f1": 0.21516579839576613,
    "log_loss": 18.079088449936766,
    "brier_score": 1.0468864468864436
  },
  "logreg": {
    "accuracy": 0.6391941391941391,
    "macro_f1": 0.5029366399713008,
    "log_loss": 0.8074595175070819,
    "brier_score": 0.46926269010770294
  },
  "rf": {
    "accuracy": 0.6435897435897436,
    "macro_f1": 0.48088183421516756,
    "log_loss": 0.8050205469109052,
    "brier_score": 0.4684152090162653
  },
  "xgb": {
    "accuracy": 0.6256410256410256,
    "macro_f1": 0.5185360835376659,
    "log_loss": 0.880502094163118,
    "brier_score": 0.499752872402515
  }
}